117msflow_ff.out,1fueldmd_ff.out,1LOAD_ACTUAL_MV3.out,1XAD12CT001BXQ10.OUT,1XAD12CT001AXQ10.OUT,1XAD12CT001CXQ10.OUT,1XAD11CT001DXQ10.OUT,1XAD12CY021AXQ10.OUT,1XAD12CY031AXQ10.OUT,1XAD12CY031CXQ10.OUT,1XAD12CY021XQ10.OUT,1XAD11CY011XQ10.OUT,1XAD12CY041AXQ10.OUT,1XAD12CY041BXQ10.OUT,1XAD11CY042AXQ10.OUT,1XAD11CY042BXQ10.OUT,1MTL02CT156XQ10.OUT,1MTL01CT155XQ10.OUT,1MTA01CP155XQ10.OUT,1LAC01CT103XQ10.OUT
2150.591065,318.2765198,317.2165222,40.70869446,47.55527878,43.20148468,57.13500977,0,0.062399864,0.074119925,2.826992512,0.512063026,17.57084656,27.90825462,16.05090904,13.06139278,37.7951088,37.83988953,2.23119545,61.94558716
